{
  "hash": "d9d9c007",
  "configHash": "41d242ae",
  "lockfileHash": "d43ad495",
  "browserHash": "319e3254",
  "optimized": {
    "@angular/core": {
      "src": "../../../../../node_modules/@angular/core/fesm2022/core.mjs",
      "file": "@angular_core.js",
      "fileHash": "48e11e7b",
      "needsInterop": false
    },
    "@angular/platform-browser": {
      "src": "../../../../../node_modules/@angular/platform-browser/fesm2022/platform-browser.mjs",
      "file": "@angular_platform-browser.js",
      "fileHash": "b5fc5db3",
      "needsInterop": false
    },
    "@angular/router": {
      "src": "../../../../../node_modules/@angular/router/fesm2022/router.mjs",
      "file": "@angular_router.js",
      "fileHash": "9bf12c9d",
      "needsInterop": false
    },
    "@angular/common": {
      "src": "../../../../../node_modules/@angular/common/fesm2022/common.mjs",
      "file": "@angular_common.js",
      "fileHash": "d769e3c1",
      "needsInterop": false
    }
  },
  "chunks": {
    "chunk-XK5SYI5D": {
      "file": "chunk-XK5SYI5D.js"
    },
    "chunk-PPY3APMN": {
      "file": "chunk-PPY3APMN.js"
    },
    "chunk-ZDDPHS7B": {
      "file": "chunk-ZDDPHS7B.js"
    }
  }
}